epoch,time,train/box_loss,train/seg_loss,train/cls_loss,train/dfl_loss,train/sem_loss,metrics/precision(B),metrics/recall(B),metrics/mAP50(B),metrics/mAP50-95(B),metrics/precision(M),metrics/recall(M),metrics/mAP50(M),metrics/mAP50-95(M),val/box_loss,val/seg_loss,val/cls_loss,val/dfl_loss,val/sem_loss,lr/pg0,lr/pg1,lr/pg2
1,20.775,0.75896,3.32374,4.84963,0.01198,4.60628,0.00404,1,0.08883,0.05303,0.00404,1,0.092,0.05033,0.55025,2.25259,7.67725,0.01832,0,0.0002,0.0002,0.0002
2,39.1928,0.65276,2.03909,5.01429,0.01069,2.18705,0.00404,1,0.42952,0.3205,0.00404,1,0.4223,0.26136,0.50744,1.78061,7.57874,0.01664,0,0.000411684,0.000411684,0.000411684
3,57.6446,0.67783,1.53682,4.17287,0.01079,1.55141,0.00404,1,0.4492,0.32816,0.00404,1,0.44804,0.34372,0.49239,1.84308,7.51391,0.01575,0,0.000614656,0.000614656,0.000614656
4,75.8043,0.73597,1.30667,3.81552,0.01119,1.20638,0.00404,1,0.41608,0.3353,0.00404,1,0.4105,0.32092,0.66452,2.1719,7.52251,0.02248,0,0.000808916,0.000808916,0.000808916
5,94.0665,0.85494,1.32357,3.48021,0.01518,1.26423,0.00404,1,0.41825,0.33672,0.00386,0.95652,0.37647,0.22413,0.71615,2.67624,7.42193,0.02419,0,0.000994464,0.000994464,0.000994464
6,111.92,0.81661,1.31849,3.48446,0.01457,1.01271,0.00404,1,0.61106,0.45058,0.00386,0.95652,0.52463,0.35613,0.67541,2.3119,7.26915,0.02158,0,0.0011713,0.0011713,0.0011713
7,129.997,0.9884,1.41616,3.24893,0.01765,1.20439,0.82431,0.30435,0.64081,0.46315,0.82431,0.30435,0.59721,0.4122,0.90846,2.14171,7.02859,0.03133,0,0.00133942,0.00133942,0.00133942
8,147.922,0.94799,1.29765,3.20941,0.01698,1.03142,1,0.2626,0.63365,0.46699,1,0.2626,0.6303,0.45787,0.92006,2.00989,6.92959,0.03092,0,0.00149884,0.00149884,0.00149884
9,165.555,0.97982,1.28484,3.26199,0.02034,0.79695,0.8887,0.34725,0.72053,0.5094,0.8887,0.34725,0.75538,0.47994,0.96357,2.43495,6.19602,0.03081,0,0.00164954,0.00164954,0.00164954
10,182.68,0.85161,1.25822,3.14251,0.01506,0.8263,0.7287,0.46769,0.70268,0.42158,0.7287,0.46769,0.71036,0.40551,1.21539,2.4408,6.07989,0.04559,0,0.0016436,0.0016436,0.0016436
11,200.162,1.04622,1.12917,2.93708,0.01929,0.72456,0.7599,0.41369,0.61923,0.34087,0.66832,0.35062,0.60957,0.31779,1.19377,3.07468,5.94573,0.0424,0,0.001604,0.001604,0.001604
12,218.16,1.22741,1.3633,3.00204,0.02068,0.8826,0.5572,0.56522,0.67729,0.45216,0.6017,0.6087,0.73497,0.44561,1.23585,1.73327,5.33627,0.04322,0,0.0015644,0.0015644,0.0015644
13,236.303,1.01495,1.30662,2.52778,0.01839,0.75368,0.72177,0.78261,0.79514,0.30943,0.49043,0.6087,0.62031,0.3038,1.30034,2.15774,5.50489,0.04297,0,0.0015248,0.0015248,0.0015248
14,253.266,1.03237,1.0782,2.607,0.01874,0.83236,0.79175,0.69565,0.79925,0.38357,0.65307,0.86957,0.77855,0.35962,1.39686,1.74598,4.90922,0.04539,0,0.0014852,0.0014852,0.0014852
15,270.519,1.12303,1.20766,2.79593,0.02467,0.98202,0.72326,0.68222,0.77454,0.50423,0.72326,0.68222,0.71725,0.45773,1.11959,2.22377,4.55624,0.03927,0,0.0014456,0.0014456,0.0014456
16,287.658,0.96235,1.28401,2.17255,0.01909,0.73906,0.75116,0.78261,0.83792,0.528,0.77469,0.78261,0.80836,0.46727,1.03124,2.01254,4.34629,0.03448,0,0.001406,0.001406,0.001406
17,304.581,0.96352,0.97589,2.21774,0.01948,0.80328,0.78938,0.81512,0.79995,0.60411,0.78938,0.81512,0.79163,0.58226,1.12208,1.45989,3.69833,0.03753,0,0.0013664,0.0013664,0.0013664
18,321.81,1.03604,1.61162,2.31103,0.01843,1.26551,0.86224,0.81671,0.88914,0.62587,0.81631,0.77323,0.83025,0.58348,1.20227,1.69757,3.43762,0.04303,0,0.0013268,0.0013268,0.0013268
19,338.9,0.76701,0.94592,1.81702,0.01402,0.64324,0.88382,0.73913,0.84564,0.62427,0.88382,0.73913,0.84564,0.57245,1.15967,1.95808,3.37587,0.03978,0,0.0012872,0.0012872,0.0012872
20,355.941,0.93108,0.89493,2.09481,0.01666,0.88589,0.76485,0.78261,0.78272,0.56291,0.76485,0.78261,0.75892,0.53735,1.23137,1.60126,3.37819,0.04226,0,0.0012476,0.0012476,0.0012476
21,372.745,0.94547,1.182,2.08356,0.01688,0.83958,0.77626,0.90534,0.85343,0.58167,0.77626,0.90534,0.83356,0.5434,1.05632,1.67842,3.23353,0.03492,0,0.001208,0.001208,0.001208
22,390.437,0.91657,1.1663,2.00342,0.0155,0.75375,0.91539,0.73913,0.88743,0.61376,0.91539,0.73913,0.86936,0.57864,0.95977,1.69789,3.11176,0.03147,0,0.0011684,0.0011684,0.0011684
23,408.245,0.84845,0.87309,1.67069,0.01274,0.50562,0.82751,0.91304,0.91472,0.63077,0.82751,0.91304,0.91479,0.63118,1.03428,1.58313,2.91457,0.03373,0,0.0011288,0.0011288,0.0011288
24,425.246,0.85581,0.77978,1.61673,0.01551,0.47763,0.82199,0.86957,0.87897,0.53615,0.82199,0.86957,0.90646,0.58058,1.2754,1.56247,3.10655,0.04326,0,0.0010892,0.0010892,0.0010892
25,442.297,0.87827,0.90592,1.58571,0.0147,0.64748,0.85793,0.86957,0.89796,0.54128,0.85793,0.86957,0.89791,0.60645,1.60139,1.63765,2.87588,0.05654,0,0.0010496,0.0010496,0.0010496
26,459.037,0.85697,0.90571,1.45137,0.01462,0.48622,0.84868,0.95652,0.9213,0.56787,0.84868,0.95652,0.92435,0.62072,1.61497,1.80311,2.78193,0.05765,0,0.00101,0.00101,0.00101
27,475.894,0.85206,0.92734,1.43094,0.01584,0.49929,0.84172,0.86957,0.90195,0.59599,0.84172,0.86957,0.90195,0.58864,1.38176,1.73543,2.60378,0.04778,0,0.0009704,0.0009704,0.0009704
28,492.726,0.83013,0.83156,1.46829,0.01455,0.467,0.84733,0.82609,0.89699,0.59496,0.89233,0.86957,0.9493,0.60368,1.09601,1.42806,2.60766,0.03448,0,0.0009308,0.0009308,0.0009308
29,509.236,0.89755,1.14879,1.50922,0.01507,1.05648,0.90099,0.86957,0.95706,0.65789,0.90099,0.86957,0.95706,0.62704,1.04585,1.38065,2.4344,0.03287,0,0.0008912,0.0008912,0.0008912
30,526.053,0.78005,0.98728,1.46009,0.01337,0.7068,0.99436,0.86957,0.97965,0.73169,0.99436,0.86957,0.97965,0.67899,1.013,1.32558,2.16831,0.03265,0,0.0008516,0.0008516,0.0008516
31,543.057,0.83354,0.84472,1.53387,0.01734,0.39505,0.85161,0.91304,0.96222,0.70642,0.85161,0.91304,0.96222,0.7367,1.04129,1.20179,2.21952,0.03651,0,0.000812,0.000812,0.000812
32,560.488,0.8831,0.87563,1.40541,0.01567,0.47081,0.88468,0.91304,0.95727,0.69934,0.88468,0.91304,0.95727,0.73329,1.05497,1.22794,2.21041,0.03733,0,0.0007724,0.0007724,0.0007724
33,577.248,0.97116,0.86611,1.39062,0.01612,0.44823,1,0.82155,0.9722,0.74265,1,0.82155,0.9722,0.69967,0.94233,1.24967,2.05589,0.03048,0,0.0007328,0.0007328,0.0007328
34,594.022,0.83324,0.92179,1.29344,0.01395,0.56827,0.98314,0.86957,0.96471,0.69633,0.98314,0.86957,0.96471,0.70556,1.12138,1.23688,2.09724,0.0379,0,0.0006932,0.0006932,0.0006932
35,610.932,0.77567,1.12452,1.38958,0.01426,0.58567,0.98427,0.91304,0.95416,0.69827,0.98427,0.91304,0.95297,0.684,1.12056,1.55024,2.25482,0.03858,0,0.0006536,0.0006536,0.0006536
36,632.08,0.81296,0.93211,1.28727,0.01355,0.65337,0.93598,0.82609,0.93731,0.70452,0.87998,0.78261,0.88609,0.63993,0.95874,1.98468,2.25539,0.03294,0,0.000614,0.000614,0.000614
37,651.038,0.69187,0.83591,1.16796,0.01229,0.51314,0.9533,0.88812,0.94443,0.69523,0.90661,0.84464,0.89686,0.65828,1.01715,1.85474,2.25142,0.03628,0,0.0005744,0.0005744,0.0005744
38,668.835,0.73254,0.74258,1.20074,0.0124,0.53325,0.89356,0.91304,0.93616,0.68931,0.85049,0.86957,0.89149,0.66172,1.09878,1.89967,2.21443,0.04136,0,0.0005348,0.0005348,0.0005348
39,686.11,0.62004,0.84175,1.08798,0.01084,0.54345,1,0.81537,0.93222,0.69624,1,0.81537,0.89364,0.65906,1.11345,1.95459,2.23562,0.04097,0,0.0004952,0.0004952,0.0004952
40,703.283,0.70504,0.89023,1.15338,0.01088,0.4997,0.98198,0.82609,0.94191,0.69427,0.98198,0.82609,0.90214,0.64999,1.16572,2.08867,2.15679,0.04209,0,0.0004556,0.0004556,0.0004556
41,719.851,0.70201,0.72488,2.26889,0.01985,0.86547,1,0.8467,0.94317,0.7132,1,0.81777,0.87429,0.65337,1.09872,2.12843,2.13338,0.04013,0,0.000416,0.000416,0.000416
42,736.113,0.64406,0.64611,2.1583,0.01802,0.54545,0.97104,0.82609,0.94504,0.70788,1,0.77831,0.8733,0.62629,1.02963,2.04257,2.13151,0.03696,0,0.0003764,0.0003764,0.0003764
43,752.296,0.59592,0.54391,1.99929,0.01683,0.50465,0.99169,0.86957,0.95062,0.69976,0.99169,0.86957,0.93651,0.62931,1.0141,1.85072,2.00756,0.03582,0,0.0003368,0.0003368,0.0003368
44,768.405,0.56247,0.60892,1.9705,0.01554,0.42682,0.80494,0.82609,0.87542,0.64978,0.80494,0.82609,0.85359,0.60616,0.88917,1.54271,2.12534,0.02971,0,0.0002972,0.0002972,0.0002972
45,784.238,0.6194,0.59182,2.01175,0.01433,0.42831,0.86528,0.86957,0.85384,0.63924,0.86528,0.86957,0.85318,0.61137,0.9299,1.49109,2.1602,0.03073,0,0.0002576,0.0002576,0.0002576
46,800.639,0.60747,0.61898,1.95082,0.01801,0.48608,0.86811,0.85888,0.86242,0.63088,0.86811,0.85888,0.86176,0.62055,0.94338,1.47838,2.14686,0.03154,0,0.000218,0.000218,0.000218
47,817.18,0.59423,0.54715,1.91362,0.01519,0.48661,0.89212,0.82609,0.86549,0.64015,0.89212,0.82609,0.86442,0.6206,0.93264,1.46744,2.10702,0.03116,0,0.0001784,0.0001784,0.0001784
48,833.434,0.58902,0.64663,1.92273,0.01687,0.43108,0.90823,0.86088,0.87612,0.65784,0.90823,0.86088,0.87391,0.62398,0.97472,1.44578,1.93121,0.03274,0,0.0001388,0.0001388,0.0001388
49,849.684,0.57757,0.50841,1.90808,0.01597,0.4424,0.90859,0.86456,0.87553,0.65808,0.90859,0.86456,0.87458,0.62586,0.96892,1.46784,1.94489,0.03211,0,9.92e-05,9.92e-05,9.92e-05
50,865.729,0.59385,0.76439,1.8592,0.01808,0.48643,0.90226,0.86957,0.87294,0.65506,0.90226,0.86957,0.87221,0.62621,0.97159,1.46325,1.95845,0.03211,0,5.96e-05,5.96e-05,5.96e-05
